物件CD,駅,徒歩分数
100345720770,京急本線/子安駅,歩3分
100345720770,京急本線/神奈川新町駅,歩10分
100345720770,ＪＲ横浜線/大口駅,歩12分
100345422455,京急本線/京急東神奈川駅,歩6分
100345422455,ＪＲ京浜東北線/東神奈川駅,歩8分
100345422455,京急本線/神奈川新町駅,歩6分
100342823375,京急本線/神奈川新町駅,歩7分
100342823375,京急本線/京急東神奈川駅,歩7分
100342823375,ＪＲ横浜線/東神奈川駅,歩9分
100343313667,京急本線/神奈川新町駅,歩6分
100343313667,京急本線/京急東神奈川駅,歩6分
100343313667,ＪＲ京浜東北線/東神奈川駅,歩7分
100343314105,京急本線/神奈川新町駅,歩6分
100343314105,京急本線/京急東神奈川駅,歩6分
100343314105,ＪＲ京浜東北線/東神奈川駅,歩7分
100343313391,京急本線/神奈川新町駅,歩6分
100343313391,京急本線/京急東神奈川駅,歩6分
100343313391,ＪＲ京浜東北線/東神奈川駅,歩7分
100343709215,京急本線/京急東神奈川駅,歩4分
100343709215,ＪＲ京浜東北線/東神奈川駅,歩5分
100343709215,京急本線/神奈川新町駅,歩10分
100343842510,京急本線/京急東神奈川駅,歩4分
100343842510,ＪＲ京浜東北線/東神奈川駅,歩5分
100343842510,京急本線/神奈川新町駅,歩10分
100339853853,京急本線/子安駅,歩3分
100339853853,京急本線/京急新子安駅,歩10分
100339853853,京急本線/神奈川新町駅,歩7分
100339856694,京急本線/子安駅,歩3分
100339856694,京急本線/京急新子安駅,歩10分
100339856694,京急本線/神奈川新町駅,歩7分
100341720649,京急本線/子安駅,歩3分
100341720649,京急本線/京急新子安駅,歩10分
100341720649,京急本線/神奈川新町駅,歩7分
100341719751,京急本線/子安駅,歩3分
100341719751,京急本線/京急新子安駅,歩10分
100341719751,京急本線/神奈川新町駅,歩7分
100342503124,京急本線/子安駅,歩3分
100342503124,京急本線/京急新子安駅,歩10分
100342503124,京急本線/神奈川新町駅,歩7分
100342548057,京急本線/子安駅,歩3分
100342548057,京急本線/京急新子安駅,歩10分
100342548057,京急本線/神奈川新町駅,歩7分
100345712876,京急本線/子安駅,歩4分
100345712876,京急本線/神奈川新町駅,歩10分
100345712876,ＪＲ横浜線/大口駅,歩12分
100345719505,京急本線/子安駅,歩3分
100345719505,京急本線/神奈川新町駅,歩10分
100345719505,ＪＲ横浜線/大口駅,歩12分
100345492576,京急本線/子安駅,歩4分
100345492576,京急本線/神奈川新町駅,歩10分
100345492576,ＪＲ横浜線/大口駅,歩12分
100344921128,京急本線/子安駅,歩2分
100344921128,京急本線/神奈川新町駅,歩9分
100344921128,ＪＲ京浜東北線/新子安駅,歩14分
100345625656,京急本線/子安駅,歩1分
100345625656,ＪＲ横浜線/大口駅,歩12分
100345625656,ＪＲ京浜東北線/新子安駅,歩16分
100345626232,京急本線/子安駅,歩1分
100345626232,ＪＲ横浜線/大口駅,歩12分
100345626232,ＪＲ京浜東北線/新子安駅,歩16分
100345623474,京急本線/子安駅,歩1分
100345623474,ＪＲ横浜線/大口駅,歩12分
100345623474,ＪＲ京浜東北線/新子安駅,歩16分
100335872435,ＪＲ京浜東北線/新子安駅,歩6分
100335872435,ＪＲ横浜線/大口駅,歩6分
100335872435,京急本線/子安駅,歩6分
100316093085,ＪＲ京浜東北線/新子安駅,歩6分
100316093085,京急本線/京急新子安駅,歩6分
100316093085,ＪＲ横浜線/大口駅,歩6分
100345064481,ＪＲ東海道本線/横浜駅,歩10分
100345064481,京急本線/神奈川駅,歩5分
100345064481,東急東横線/反町駅,歩15分
100345104867,ＪＲ東海道本線/横浜駅,歩10分
100345104867,京急本線/神奈川駅,歩5分
100345104867,東急東横線/反町駅,歩15分
100345154811,京急本線/神奈川駅,歩5分
100345154811,ＪＲ京浜東北線/横浜駅,歩11分
100345154811,ＪＲ京浜東北線/東神奈川駅,歩15分
100345153232,京急本線/神奈川駅,歩5分
100345153232,ＪＲ京浜東北線/横浜駅,歩11分
100345153232,ＪＲ京浜東北線/東神奈川駅,歩15分
100342028513,東急東横線/反町駅,歩3分
100342028513,ＪＲ京浜東北線/東神奈川駅,歩10分
100342028513,京急本線/神奈川駅,歩9分
100342137982,東急東横線/反町駅,歩3分
100342137982,ＪＲ京浜東北線/東神奈川駅,歩10分
100342137982,京急本線/神奈川駅,歩9分
100345137398,京急本線/子安駅,歩2分
100345137398,ＪＲ横浜線/大口駅,歩14分
100345137398,ＪＲ京浜東北線/新子安駅,歩10分
100345124526,京急本線/子安駅,歩1分
100345124526,ＪＲ京浜東北線/新子安駅,歩15分
100345124526,ＪＲ横浜線/大口駅,歩10分
100345124648,京急本線/子安駅,歩1分
100345124648,ＪＲ京浜東北線/新子安駅,歩15分
100345124648,ＪＲ横浜線/大口駅,歩10分
100297451495,京急本線/子安駅,歩3分
100297451495,ＪＲ京浜東北線/新子安駅,歩11分
100297451495,京急本線/京急新子安駅,歩10分
100334889538,京急本線/子安駅,歩1分
100334889538,ＪＲ横浜線/大口駅,歩12分
100334889538,京急本線/神奈川新町駅,歩10分
100345355675,京急本線/子安駅,歩5分
100345355675,ＪＲ横浜線/大口駅,歩10分
100345355675,ＪＲ京浜東北線/新子安駅,歩14分
100345078145,京急本線/子安駅,歩3分
100345078145,京急本線/京急新子安駅,歩10分
100345078145,ＪＲ京浜東北線/新子安駅,歩11分
100345364582,京急本線/子安駅,歩3分
100345364582,京急本線/京急新子安駅,歩10分
100345364582,ＪＲ京浜東北線/新子安駅,歩11分
100342860864,ＪＲ京浜東北線/新子安駅,歩7分
100342860864,京急本線/京急新子安駅,歩4分
100342860864,京急本線/生麦駅,歩13分
100330226891,東急東横線/反町駅,歩6分
100330226891,ブルーライン/三ツ沢下町駅,歩9分
100330226891,京急本線/神奈川駅,歩16分
100340635857,ＪＲ京浜東北線/新子安駅,歩10分
100340635857,京急本線/子安駅,歩3分
100340635857,ＪＲ横浜線/大口駅,歩11分
100334790790,京急本線/子安駅,歩3分
100334790790,京急本線/神奈川新町駅,歩10分
100334790790,ＪＲ横浜線/大口駅,歩12分
100342492709,京急本線/子安駅,歩3分
100342492709,京急本線/京急新子安駅,歩10分
100342492709,ＪＲ京浜東北線/新子安駅,歩11分
100342588678,京急本線/子安駅,歩3分
100342588678,京急本線/京急新子安駅,歩10分
100342588678,ＪＲ京浜東北線/新子安駅,歩11分
100340567460,ＪＲ横浜線/大口駅,歩3分
100340567460,京急本線/子安駅,歩10分
100340567460,ＪＲ京浜東北線/新子安駅,歩15分
100283711372,ＪＲ京浜東北線/横浜駅,歩14分
100283711372,ＪＲ京浜東北線/東神奈川駅,歩16分
100283711372,京急本線/神奈川駅,歩9分
100338779508,京急本線/子安駅,歩3分
100338779508,京急本線/神奈川新町駅,歩10分
100338779508,ＪＲ横浜線/大口駅,歩12分
100333063880,京急本線/子安駅,歩3分
100333063880,京急本線/神奈川新町駅,歩10分
100333063880,ＪＲ横浜線/大口駅,歩12分
100340638271,京急本線/子安駅,歩3分
100340638271,京急本線/京急新子安駅,歩10分
100340638271,ＪＲ京浜東北線/新子安駅,歩11分
100340638991,京急本線/子安駅,歩3分
100340638991,京急本線/京急新子安駅,歩10分
100340638991,ＪＲ京浜東北線/新子安駅,歩11分
100334826939,京急本線/子安駅,歩1分
100334826939,京急本線/神奈川新町駅,歩10分
100334826939,ＪＲ横浜線/大口駅,歩12分
100345592139,京急本線/子安駅,歩4分
100345592139,京急本線/京急新子安駅,歩15分
100345592139,ＪＲ京浜東北線/新子安駅,歩15分
100345609255,京急本線/子安駅,歩4分
100345609255,ＪＲ横浜線/大口駅,歩12分
100345609255,ＪＲ京浜東北線/新子安駅,歩15分
100345666082,京急本線/子安駅,歩3分
100345666082,京急本線/神奈川新町駅,歩11分
100345666082,ＪＲ横浜線/大口駅,歩12分
100324379101,京急本線/神奈川駅,歩9分
100324379101,ＪＲ京浜東北線/横浜駅,歩14分
100324379101,東急東横線/反町駅,歩15分
100345168377,ブルーライン/三ツ沢上町駅,歩3分
100345168377,ブルーライン/三ツ沢下町駅,歩13分
100345168377,東急東横線/反町駅,歩27分
100345686076,京急本線/子安駅,歩1分
100345686076,ＪＲ横浜線/大口駅,歩12分
100345686076,ＪＲ京浜東北線/新子安駅,歩16分
100345187155,ＪＲ京浜東北線/横浜駅,歩14分
100345187155,京急本線/神奈川駅,歩9分
100345187155,ＪＲ京浜東北線/東神奈川駅,歩15分
100345530517,ブルーライン/三ツ沢上町駅,歩3分
100345530517,東急東横線/反町駅,歩28分
100345530517,ＪＲ埼京線/羽沢横浜国大駅,歩27分
100345067136,ブルーライン/三ツ沢上町駅,歩3分
100345067136,ブルーライン/三ツ沢下町駅,歩15分
100345067136,ＪＲ埼京線/羽沢横浜国大駅,歩29分
100345071123,ブルーライン/三ツ沢上町駅,歩3分
100345071123,東急東横線/反町駅,歩27分
100345071123,ブルーライン/三ツ沢下町駅,歩15分
100345048936,ブルーライン/三ツ沢上町駅,歩3分
100345048936,ブルーライン/三ツ沢下町駅,歩13分
100345048936,東急東横線/反町駅,歩27分
100345100123,ブルーライン/三ツ沢上町駅,歩3分
100345100123,ブルーライン/三ツ沢下町駅,歩14分
100345100123,ブルーライン/片倉町駅,歩23分
100345047512,ブルーライン/三ツ沢上町駅,歩3分
100345047512,ブルーライン/三ツ沢下町駅,歩13分
100345047512,東急東横線/反町駅,歩27分
100345124280,ブルーライン/三ツ沢上町駅,歩3分
100345124280,ブルーライン/三ツ沢下町駅,歩14分
100345124280,ブルーライン/片倉町駅,歩23分
100345047166,ブルーライン/三ツ沢上町駅,歩3分
100345047166,ブルーライン/三ツ沢下町駅,歩13分
100345047166,東急東横線/反町駅,歩27分
100345059464,京急本線/子安駅,歩3分
100345059464,京急本線/神奈川新町駅,歩12分
100345059464,ＪＲ京浜東北線/新子安駅,歩15分
100340400410,東急東横線/反町駅,歩13分
100340400410,ブルーライン/三ツ沢下町駅,歩3分
100340400410,ブルーライン/三ツ沢上町駅,歩12分
100340422991,東急東横線/反町駅,歩13分
100340422991,ブルーライン/三ツ沢下町駅,歩3分
100340422991,ブルーライン/三ツ沢上町駅,歩12分
100345354051,ブルーライン/三ツ沢下町駅,歩10分
100345354051,ＪＲ京浜東北線/横浜駅,バス10分 (バス停)グリーンヒル三ツ沢 歩1分
100345355668,ブルーライン/三ツ沢下町駅,歩10分
100345355668,ＪＲ京浜東北線/横浜駅,バス10分 (バス停)グリーンヒル三ツ沢 歩1分
100339811321,ブルーライン/三ツ沢下町駅,歩1分
100339811321,ブルーライン/三ツ沢上町駅,歩12分
100339811321,東急東横線/反町駅,歩13分
100339810562,ブルーライン/三ツ沢下町駅,歩1分
100339810562,ブルーライン/三ツ沢上町駅,歩12分
100339810562,東急東横線/反町駅,歩13分
100340574999,ブルーライン/三ツ沢下町駅,歩1分
100340574999,東急東横線/反町駅,歩12分
100340574999,ブルーライン/三ツ沢上町駅,歩12分
100340656492,ＪＲ京浜東北線/新子安駅,歩11分
100340656492,京急本線/子安駅,歩3分
100340656492,京急本線/京急新子安駅,歩10分
100340636118,ＪＲ京浜東北線/新子安駅,歩11分
100340636118,京急本線/子安駅,歩3分
100340636118,京急本線/京急新子安駅,歩10分
100339816681,京急本線/子安駅,歩2分
100339816681,ＪＲ横浜線/大口駅,歩12分
100339816681,京急本線/神奈川新町駅,歩10分
100339820383,京急本線/子安駅,歩2分
100339820383,ＪＲ横浜線/大口駅,歩12分
100339820383,京急本線/神奈川新町駅,歩10分
100341570048,京急本線/子安駅,歩2分
100341570048,ＪＲ横浜線/大口駅,歩14分
100341570048,ＪＲ京浜東北線/新子安駅,歩10分
100286958022,京急本線/子安駅,歩1分
100286958022,ＪＲ横浜線/大口駅,歩12分
100286958022,京急本線/神奈川新町駅,歩10分
100344267289,京急本線/子安駅,歩2分
100344267289,ＪＲ横浜線/大口駅,歩11分
100344267289,京急本線/神奈川新町駅,歩9分
100338519720,京急本線/子安駅,歩2分
100338519720,ＪＲ横浜線/大口駅,歩11分
100338519720,京急本線/神奈川新町駅,歩9分
100337573300,京急本線/子安駅,歩1分
100337573300,ＪＲ京浜東北線/新子安駅,歩11分
100337573300,京急本線/神奈川新町駅,歩8分
100342853895,ＪＲ京浜東北線/新子安駅,歩7分
100342853895,京急本線/京急新子安駅,歩4分
100342853895,京急本線/生麦駅,歩13分
100344565669,京急本線/子安駅,歩5分
100344565669,ＪＲ横浜線/大口駅,歩10分
100344565669,ＪＲ京浜東北線/新子安駅,歩14分
100343719127,京急本線/京急新子安駅,歩6分
100343719127,ＪＲ京浜東北線/新子安駅,歩7分
100343719318,京急本線/京急新子安駅,歩6分
100343719318,ＪＲ京浜東北線/新子安駅,歩7分
100066020081,ＪＲ京浜東北線/新子安駅,歩5分
100066020081,京急本線/京急新子安駅,歩4分
100066020081,ＪＲ横浜線/大口駅,歩15分
100340634552,ＪＲ京浜東北線/新子安駅,歩10分
100340634552,京急本線/子安駅,歩3分
100340634552,ＪＲ横浜線/大口駅,歩11分
100340636464,ＪＲ京浜東北線/新子安駅,歩10分
100340636464,京急本線/子安駅,歩3分
100340636464,ＪＲ横浜線/大口駅,歩11分
100341941019,京急本線/子安駅,歩3分
100341941019,京急本線/京急新子安駅,歩10分
100341941019,ＪＲ京浜東北線/新子安駅,歩11分
100340495199,ＪＲ横浜線/大口駅,歩3分
100340495199,京急本線/子安駅,歩10分
100340495199,ＪＲ京浜東北線/新子安駅,歩15分
100342209826,ＪＲ横浜線/大口駅,歩3分
100342209826,京急本線/子安駅,歩10分
100342209826,ＪＲ京浜東北線/新子安駅,歩15分
100343933724,京急本線/京急新子安駅,歩4分
100343933724,ＪＲ京浜東北線/新子安駅,歩7分
100343933724,京急本線/生麦駅,歩13分
100341563155,京急本線/子安駅,歩3分
100341563155,ＪＲ京浜東北線/新子安駅,歩10分
100341599402,京急本線/子安駅,歩3分
100341599402,ＪＲ京浜東北線/新子安駅,歩10分
100341599402,ＪＲ横浜線/大口駅,歩13分
100344058269,京急本線/子安駅,歩3分
100344058269,京急本線/京急新子安駅,歩10分
100344058269,ＪＲ京浜東北線/新子安駅,歩11分
100342404978,京急本線/子安駅,歩1分
100342404978,京急本線/神奈川新町駅,歩10分
100342404978,ＪＲ横浜線/大口駅,歩12分
100343381637,京急本線/子安駅,歩1分
100343381637,京急本線/神奈川新町駅,歩7分
100343381637,ＪＲ横浜線/大口駅,歩13分
100343378337,京急本線/子安駅,歩1分
100343378337,京急本線/神奈川新町駅,歩7分
100343378337,ＪＲ横浜線/大口駅,歩13分
100345481355,京急本線/子安駅,歩4分
100345481355,ＪＲ横浜線/大口駅,歩12分
100345481355,ＪＲ京浜東北線/新子安駅,歩15分
100345258289,ＪＲ京浜東北線/横浜駅,歩14分
100345258289,京急本線/神奈川駅,歩9分
100345258289,ＪＲ京浜東北線/東神奈川駅,歩15分
100345257553,ＪＲ京浜東北線/横浜駅,歩14分
100345257553,京急本線/神奈川駅,歩9分
100345257553,ＪＲ京浜東北線/東神奈川駅,歩15分
100345377043,ＪＲ京浜東北線/横浜駅,歩14分
100345377043,京急本線/神奈川駅,歩9分
100345377043,東急東横線/反町駅,歩16分
100345208974,ＪＲ京浜東北線/横浜駅,歩14分
100345208974,京急本線/神奈川駅,歩9分
100345208974,東急東横線/反町駅,歩16分
100345224070,ブルーライン/三ツ沢上町駅,歩3分
100345224070,相鉄新横浜線/羽沢横浜国大駅,歩27分
100345224070,相鉄本線/和田町駅,歩28分
100345332790,ブルーライン/三ツ沢下町駅,歩10分
100345332790,東急東横線/反町駅,歩19分
100345332790,ＪＲ京浜東北線/横浜駅,歩24分
100345333038,ブルーライン/三ツ沢下町駅,歩10分
100345333038,東急東横線/反町駅,歩19分
100345333038,ＪＲ京浜東北線/横浜駅,歩24分
100345337335,ブルーライン/三ツ沢下町駅,歩10分
100345337335,東急東横線/反町駅,歩19分
100345337335,ＪＲ京浜東北線/横浜駅,歩24分
100345336067,ブルーライン/三ツ沢下町駅,歩10分
100345336067,東急東横線/反町駅,歩19分
100345336067,ＪＲ京浜東北線/横浜駅,歩24分
100345343272,ブルーライン/三ツ沢下町駅,歩10分
100345343272,ＪＲ京浜東北線/横浜駅,バス10分 (バス停)グリーンヒル三ッ沢 歩1分
100345343272,東急東横線/反町駅,歩20分
100345342838,ブルーライン/三ツ沢下町駅,歩10分
100345342838,ＪＲ京浜東北線/横浜駅,バス10分 (バス停)グリーンヒル三ッ沢 歩1分
100345342838,東急東横線/反町駅,歩20分
100345352835,ブルーライン/三ツ沢下町駅,歩10分
100345352835,ブルーライン/三ツ沢上町駅,歩16分
100345352835,東急東横線/反町駅,歩23分
100332153771,京急本線/子安駅,歩3分
100332153771,ＪＲ横浜線/大口駅,歩12分
100332153771,ＪＲ京浜東北線/新子安駅,歩15分
100343669405,京急本線/京急新子安駅,歩4分
100343669405,京急本線/生麦駅,歩13分
100343669405,ＪＲ横浜線/大口駅,歩22分
100341543295,京急本線/子安駅,歩3分
100341543295,京急本線/神奈川新町駅,歩12分
100341543295,ＪＲ京浜東北線/新子安駅,歩15分
100333193194,京急本線/子安駅,歩3分
100333193194,ＪＲ横浜線/大口駅,歩12分
100333193194,ＪＲ京浜東北線/新子安駅,歩15分
100340636757,京急本線/子安駅,歩3分
100340636757,ＪＲ京浜東北線/新子安駅,歩11分
100340636757,ＪＲ横浜線/大口駅,歩15分
100335372206,京急本線/子安駅,歩1分
100335372206,ＪＲ横浜線/大口駅,歩12分
100335372206,ＪＲ京浜東北線/新子安駅,歩16分
100334831935,京急本線/子安駅,歩1分
100334831935,ＪＲ横浜線/大口駅,歩12分
100334831935,ＪＲ京浜東北線/新子安駅,歩16分
100334862908,京急本線/子安駅,歩1分
100334862908,ＪＲ横浜線/大口駅,歩12分
100334862908,ＪＲ京浜東北線/新子安駅,歩16分
100335057256,京急本線/子安駅,歩4分
100335057256,ＪＲ横浜線/大口駅,歩12分
100335057256,ＪＲ京浜東北線/新子安駅,歩15分
100336866760,京急本線/子安駅,歩4分
100336866760,ＪＲ横浜線/大口駅,歩12分
100336866760,ＪＲ京浜東北線/新子安駅,歩15分
100334900526,京急本線/子安駅,歩3分
100334900526,京急本線/神奈川新町駅,歩11分
100334900526,ＪＲ横浜線/大口駅,歩12分
100335055407,京急本線/子安駅,歩3分
100335055407,京急本線/神奈川新町駅,歩11分
100335055407,ＪＲ横浜線/大口駅,歩12分
100343712955,京急本線/京急新子安駅,歩4分
100343712955,京急本線/生麦駅,歩13分
100343712955,ＪＲ横浜線/大口駅,歩22分
100342891991,京急本線/京急新子安駅,歩4分
100342891991,京急本線/生麦駅,歩13分
100342891991,ＪＲ横浜線/大口駅,歩22分
100339758344,京急本線/子安駅,歩3分
100339758344,ＪＲ京浜東北線/新子安駅,歩11分
100339758344,ＪＲ横浜線/大口駅,歩15分
100337207742,京急本線/子安駅,歩3分
100337207742,京急本線/神奈川新町駅,歩11分
100337207742,ＪＲ横浜線/大口駅,歩12分
100342569490,京急本線/子安駅,歩1分
100342569490,ＪＲ横浜線/大口駅,歩12分
100342569490,ＪＲ京浜東北線/新子安駅,歩16分
100344642691,京急本線/子安駅,歩1分
100344642691,ＪＲ横浜線/大口駅,歩12分
100344642691,京急本線/神奈川新町駅,歩11分
