沿線,駅,所在地_市区町村,専有面積(m^2),賃料,徒歩分数(分),件数,lon,lat,賃料（万円）
,正門前,横浜市磯子区,21.55,62000.0,2.0,1.0,,,6.0
横浜みなとみらい線,みなとみらい駅,横浜市西区,48.20575757575757,196116.1616161616,11.151515151515152,198.0,139.632386,35.458028,20.0
横浜みなとみらい線,元町・中華街駅,横浜市中区,40.42983606557377,122147.54098360655,11.672131147540984,61.0,139.650446,35.44243,12.0
横浜みなとみらい線,新高島駅,横浜市西区,44.215066666666665,168920.0,7.92,75.0,139.626499,35.46192,17.0
横浜みなとみらい線,日本大通り駅,横浜市中区,38.35951219512195,131819.51219512196,13.951219512195122,41.0,139.642608,35.446821,13.0
横浜みなとみらい線,横浜駅,横浜市西区,37.92,157000.0,11.0,2.0,139.622299,35.466372,16.0
横浜みなとみらい線,馬車道駅,横浜市中区,34.01527272727273,122427.27272727272,8.363636363636363,55.0,139.636175,35.450135,12.0
横浜みなとみらい線,馬車道駅,横浜市西区,32.39382352941176,113882.35294117648,15.529411764705882,34.0,139.636175,35.450135,11.0
,センター北駅,横浜市都筑区,44.096,97000.0,21.1,10.0,,,10.0
,センター南駅,横浜市都筑区,50.620000000000005,128583.33333333333,13.333333333333334,6.0,,,13.0
,中山駅,横浜市緑区,44.258199999999995,86920.0,11.88,50.0,,,9.0
,北山田駅,横浜市港北区,41.63,87000.0,26.8,5.0,,,9.0
,北山田駅,横浜市都筑区,52.89524590163935,108540.98360655738,12.163934426229508,61.0,,,11.0
,川和町駅,横浜市緑区,45.17232876712329,87082.19178082192,23.619718309859156,73.0,,,9.0
,川和町駅,横浜市都筑区,43.48888888888889,106222.22222222222,16.0,9.0,,,11.0
,川和町駅,横浜市青葉区,56.42000000000001,95166.66666666667,20.0,6.0,,,10.0
,日吉本町駅,横浜市港北区,46.87071428571428,107571.42857142857,20.857142857142858,14.0,,,11.0
,東山田駅,横浜市港北区,44.34888888888889,97000.0,12.333333333333334,9.0,,,10.0
,東山田駅,横浜市都筑区,50.43047619047619,101666.66666666667,17.095238095238095,42.0,,,10.0
,都筑ふれあいの丘駅,横浜市緑区,52.39,100777.77777777778,29.0,9.0,,,10.0
,都筑ふれあいの丘駅,横浜市都筑区,48.579655172413794,105206.89655172414,13.655172413793103,29.0,,,11.0
,都筑ふれあいの丘駅,横浜市青葉区,48.532,94800.0,26.8,5.0,,,9.0
,高田駅,横浜市港北区,42.76074074074074,99592.5925925926,8.481481481481481,27.0,,,10.0
,高田駅,横浜市都筑区,45.277142857142856,98428.57142857143,26.571428571428573,7.0,,,10.0
金沢シーサイドライン,並木中央駅,横浜市金沢区,78.87,120000.0,26.0,1.0,139.642945,35.365505,12.0
金沢シーサイドライン,並木北駅,横浜市金沢区,30.453333333333337,87333.33333333333,15.0,3.0,139.642743,35.372015,9.0
金沢シーサイドライン,八景島駅,横浜市金沢区,56.35666666666666,92666.66666666667,10.0,3.0,139.64079,35.340914,9.0
金沢シーサイドライン,南部市場駅,横浜市磯子区,36.184705882352944,102176.4705882353,22.58823529411765,17.0,139.633163,35.380192,10.0
金沢シーサイドライン,南部市場駅,横浜市金沢区,31.145652173913046,81956.52173913043,15.347826086956522,23.0,139.633163,35.380192,8.0
金沢シーサイドライン,市大医学部駅,横浜市金沢区,44.25,75000.0,12.5,2.0,139.650156,35.343966,8.0
金沢シーサイドライン,幸浦駅,横浜市金沢区,40.91,65000.0,19.0,1.0,139.643706,35.358406,6.0
金沢シーサイドライン,新杉田駅,横浜市磯子区,32.73923076923077,78076.92307692308,14.153846153846153,13.0,139.620502,35.385919,8.0
金沢シーサイドライン,海の公園南口駅,横浜市金沢区,41.792692307692306,79730.76923076923,10.2,26.0,139.632096,35.337225,8.0
金沢シーサイドライン,海の公園柴口駅,横浜市金沢区,54.741052631578945,93315.78947368421,12.052631578947368,19.0,139.635846,35.342086,9.0
金沢シーサイドライン,福浦駅,横浜市金沢区,65.93,118000.0,15.0,1.0,139.648517,35.349627,12.0
金沢シーサイドライン,野島公園駅,横浜市金沢区,26.922000000000004,64750.0,8.6,20.0,139.631524,35.330559,6.0
金沢シーサイドライン,金沢八景駅,横浜市金沢区,47.928636363636365,82909.09090909091,21.90909090909091,22.0,139.620791,35.331587,8.0
金沢シーサイドライン,鳥浜駅,横浜市金沢区,29.10888888888889,85000.0,9.0,9.0,139.641704,35.377187,8.0
横浜市ブルーライン,あざみ野駅,横浜市青葉区,66.05,145000.0,17.076923076923077,13.0,139.553694,35.568076,14.0
横浜市ブルーライン,センター北駅,横浜市都筑区,54.722,114575.0,15.733333333333333,60.0,139.578457,35.55353,11.0
横浜市ブルーライン,センター南駅,横浜市緑区,161.06,85000.0,9.0,1.0,139.574291,35.545476,8.0
横浜市ブルーライン,センター南駅,横浜市都筑区,49.32978260869565,105619.56521739131,18.23913043478261,46.0,139.574291,35.545476,11.0
横浜市ブルーライン,センター南駅,横浜市青葉区,72.58,136000.0,3.5,2.0,139.574291,35.545476,14.0
横浜市ブルーライン,三ツ沢上町駅,横浜市保土ヶ谷区,27.415000000000003,69166.66666666667,11.333333333333334,,139.605395,35.476526,7.0
横浜市ブルーライン,三ツ沢上町駅,横浜市神奈川区,35.767500000000005,104583.33333333333,17.166666666666668,12.0,139.605395,35.476526,10.0
横浜市ブルーライン,三ツ沢上町駅,横浜市西区,19.013333333333332,64250.0,17.0,12.0,139.605395,35.476526,6.0
横浜市ブルーライン,三ツ沢下町駅,横浜市保土ヶ谷区,34.307500000000005,80250.0,14.0,,139.61481,35.476512,8.0
横浜市ブルーライン,三ツ沢下町駅,横浜市神奈川区,42.594375,99687.5,13.5,16.0,139.61481,35.476512,10.0
横浜市ブルーライン,三ツ沢下町駅,横浜市西区,29.993225806451612,89064.51612903226,22.032258064516128,31.0,139.61481,35.476512,9.0
横浜市ブルーライン,上大岡駅,横浜市戸塚区,39.85,80000.0,5.0,1.0,139.595901,35.408745,8.0
横浜市ブルーライン,上大岡駅,横浜市港南区,30.119743589743592,80410.2564102564,10.41025641025641,39.0,139.595901,35.408745,8.0
横浜市ブルーライン,上大岡駅,横浜市磯子区,30.650000000000002,70285.71428571429,11.142857142857142,7.0,139.595901,35.408745,7.0
横浜市ブルーライン,上永谷駅,横浜市港南区,36.63605263157895,76394.73684210527,15.368421052631579,38.0,139.572713,35.401391,8.0
横浜市ブルーライン,下永谷駅,横浜市戸塚区,39.73714285714286,90346.9387755102,29.958333333333332,49.0,139.559389,35.402677,9.0
横浜市ブルーライン,下永谷駅,横浜市栄区,60.99,76000.0,1.0,1.0,139.559389,35.402677,8.0
横浜市ブルーライン,下永谷駅,横浜市港南区,27.793846153846154,67923.07692307692,21.384615384615383,13.0,139.559389,35.402677,7.0
横浜市ブルーライン,下飯田駅,横浜市泉区,49.489,76700.0,15.7,10.0,139.483195,35.403503,8.0
横浜市ブルーライン,中川駅,横浜市都筑区,57.76523809523809,124619.04761904762,14.714285714285714,21.0,139.569846,35.562973,12.0
横浜市ブルーライン,中川駅,横浜市青葉区,69.2575,129750.0,18.75,4.0,139.569846,35.562973,13.0
横浜市ブルーライン,中田駅,横浜市戸塚区,51.715333333333334,102300.0,20.066666666666666,30.0,139.511301,35.411161,10.0
横浜市ブルーライン,中田駅,横浜市泉区,45.062413793103445,83396.55172413793,8.741379310344827,58.0,139.511301,35.411161,8.0
横浜市ブルーライン,仲町台駅,横浜市緑区,65.67,121000.0,48.285714285714285,7.0,139.589715,35.535258,12.0
横浜市ブルーライン,仲町台駅,横浜市都筑区,57.38363636363636,113045.45454545454,8.454545454545455,22.0,139.589715,35.535258,11.0
横浜市ブルーライン,伊勢佐木長者町駅,横浜市中区,32.08442477876106,102603.53982300885,6.424778761061947,113.0,139.633176,35.441044,10.0
横浜市ブルーライン,伊勢佐木長者町駅,横浜市南区,25.12333333333333,78121.21212121213,8.333333333333334,33.0,139.633176,35.441044,8.0
横浜市ブルーライン,伊勢佐木長者町駅,横浜市西区,22.71388888888889,73722.22222222222,11.277777777777779,18.0,139.633176,35.441044,7.0
横浜市ブルーライン,北新横浜駅,横浜市港北区,52.33972222222222,117166.66666666667,15.777777777777779,36.0,139.612818,35.519271,12.0
横浜市ブルーライン,北新横浜駅,横浜市都筑区,73.9,160000.0,33.0,1.0,139.612818,35.519271,16.0
横浜市ブルーライン,吉野町駅,横浜市中区,37.76,105000.0,7.0,1.0,139.618455,35.435489,10.0
横浜市ブルーライン,吉野町駅,横浜市南区,26.79206896551724,81155.1724137931,6.068965517241379,29.0,139.618455,35.435489,8.0
横浜市ブルーライン,吉野町駅,横浜市磯子区,35.031666666666666,78000.0,20.5,6.0,139.618455,35.435489,8.0
横浜市ブルーライン,吉野町駅,横浜市西区,30.28,80000.0,20.0,2.0,139.618455,35.435489,8.0
横浜市ブルーライン,岸根公園駅,横浜市港北区,38.175555555555555,109666.66666666667,15.444444444444445,9.0,139.617065,35.496038,11.0
横浜市ブルーライン,岸根公園駅,横浜市神奈川区,36.906,98000.0,14.7,10.0,139.617065,35.496038,10.0
横浜市ブルーライン,弘明寺駅,横浜市南区,27.337741935483873,80680.64516129032,8.096774193548388,31.0,139.602081,35.423294,8.0
横浜市ブルーライン,弘明寺駅,横浜市港南区,28.68,68000.0,26.5,2.0,139.602081,35.423294,7.0
横浜市ブルーライン,弘明寺駅,横浜市磯子区,38.458214285714284,79535.71428571429,21.607142857142858,28.0,139.602081,35.423294,8.0
横浜市ブルーライン,戸塚駅,横浜市戸塚区,46.83189189189189,102635.13513513513,10.621621621621621,37.0,139.534328,35.400818,10.0
横浜市ブルーライン,新横浜駅,横浜市港北区,47.99666666666667,119000.0,18.0,6.0,139.617745,35.508588,12.0
横浜市ブルーライン,新横浜駅,横浜市緑区,60.14166666666666,99666.66666666667,6.0,6.0,139.617745,35.508588,10.0
横浜市ブルーライン,新横浜駅,横浜市都筑区,54.54,94000.0,6.0,2.0,139.617745,35.508588,9.0
横浜市ブルーライン,新横浜駅,横浜市鶴見区,12.6,55000.0,27.0,1.0,139.617745,35.508588,6.0
横浜市ブルーライン,新羽駅,横浜市港北区,54.439375,120312.5,10.84375,32.0,139.612065,35.527701,12.0
横浜市ブルーライン,新羽駅,横浜市都筑区,51.35,116500.0,27.0,2.0,139.612065,35.527701,12.0
横浜市ブルーライン,桜木町駅,横浜市中区,30.095909090909092,102681.81818181818,6.954545454545454,22.0,139.630791,35.449667,10.0
横浜市ブルーライン,桜木町駅,横浜市南区,34.87,100000.0,21.0,3.0,139.630791,35.449667,10.0
横浜市ブルーライン,桜木町駅,横浜市西区,45.01666666666667,180284.72222222222,8.777777777777779,72.0,139.630791,35.449667,18.0
横浜市ブルーライン,横浜駅,横浜市保土ヶ谷区,24.136,69000.0,22.8,,139.619912,35.465826,7.0
横浜市ブルーライン,横浜駅,横浜市西区,32.35108910891089,106871.28712871287,10.990099009900991,101.0,139.619912,35.465826,11.0
横浜市ブルーライン,港南中央駅,横浜市栄区,21.73,61000.0,8.0,1.0,139.590958,35.401049,6.0
横浜市ブルーライン,港南中央駅,横浜市港南区,31.873589743589744,77987.17948717948,12.487179487179487,78.0,139.590958,35.401049,8.0
横浜市ブルーライン,港南中央駅,横浜市磯子区,43.287499999999994,90250.0,17.25,4.0,139.590958,35.401049,9.0
横浜市ブルーライン,湘南台駅,横浜市泉区,44.52,75000.0,17.0,2.0,139.467283,35.396471,8.0
横浜市ブルーライン,片倉町駅,横浜市保土ヶ谷区,49.0,103000.0,23.0,,139.606511,35.490205,10.0
横浜市ブルーライン,片倉町駅,横浜市港北区,59.044000000000004,113400.0,25.0,5.0,139.606511,35.490205,11.0
横浜市ブルーライン,片倉町駅,横浜市神奈川区,38.45888888888889,101740.74074074074,8.444444444444445,27.0,139.606511,35.490205,10.0
横浜市ブルーライン,立場駅,横浜市戸塚区,40.08,95000.0,4.0,1.0,139.500177,35.414296,10.0
横浜市ブルーライン,立場駅,横浜市泉区,41.7072602739726,81123.28767123287,12.67123287671233,73.0,139.500177,35.414296,8.0
横浜市ブルーライン,立場駅,横浜市瀬谷区,51.9,74000.0,5.0,2.0,139.500177,35.414296,7.0
横浜市ブルーライン,舞岡駅,横浜市戸塚区,45.59640449438202,102359.55056179775,23.295454545454547,89.0,139.551509,35.402685,10.0
横浜市ブルーライン,舞岡駅,横浜市栄区,91.35,113500.0,26.5,2.0,139.551509,35.402685,11.0
横浜市ブルーライン,舞岡駅,横浜市港南区,32.29666666666667,72333.33333333333,19.0,3.0,139.551509,35.402685,7.0
横浜市ブルーライン,蒔田駅,横浜市南区,26.34195652173913,80893.47826086957,9.630434782608695,46.0,139.610123,35.429935,8.0
横浜市ブルーライン,蒔田駅,横浜市磯子区,39.752,78240.0,23.32,25.0,139.610123,35.429935,8.0
横浜市ブルーライン,踊場駅,横浜市戸塚区,46.177528089887645,102359.55056179775,15.595505617977528,89.0,139.518058,35.405922,10.0
横浜市ブルーライン,踊場駅,横浜市泉区,50.7603125,85593.75,15.375,32.0,139.518058,35.405922,9.0
横浜市ブルーライン,関内駅,横浜市中区,34.38772727272727,120977.27272727272,8.409090909090908,22.0,139.635855,35.445821,12.0
横浜市ブルーライン,関内駅,横浜市西区,20.416,67100.0,15.2,5.0,139.635855,35.445821,7.0
横浜市ブルーライン,阪東橋駅,横浜市中区,35.311470588235295,101120.58823529411,6.117647058823529,34.0,139.624843,35.437434,10.0
横浜市ブルーライン,阪東橋駅,横浜市南区,24.272765957446808,76042.55319148937,6.51063829787234,47.0,139.624843,35.437434,8.0
横浜市ブルーライン,阪東橋駅,横浜市磯子区,43.125,131500.0,33.5,2.0,139.624843,35.437434,13.0
横浜市ブルーライン,阪東橋駅,横浜市西区,26.68302325581395,72441.86046511628,13.186046511627907,43.0,139.624843,35.437434,7.0
横浜市ブルーライン,高島町駅,横浜市西区,25.65264910921766,103061.58017041054,6.529821843532146,1291.0,139.623743,35.458575,10.0
京浜急行本線,上大岡駅,横浜市南区,34.1,80500.0,15.0,2.0,139.596552,35.409418,8.0
京浜急行本線,上大岡駅,横浜市戸塚区,52.11571428571428,117928.57142857143,5.142857142857143,7.0,139.596552,35.409418,12.0
京浜急行本線,上大岡駅,横浜市栄区,36.64,77857.14285714286,5.6,7.0,139.596552,35.409418,8.0
京浜急行本線,上大岡駅,横浜市港南区,33.62461538461538,74717.94871794872,10.41025641025641,39.0,139.596552,35.409418,7.0
京浜急行本線,上大岡駅,横浜市磯子区,37.75565217391304,79913.04347826086,15.782608695652174,23.0,139.596552,35.409418,8.0
京浜急行本線,井土ヶ谷駅,横浜市保土ヶ谷区,40.51764705882353,87764.70588235294,18.529411764705884,,139.60061,35.433895,9.0
京浜急行本線,井土ヶ谷駅,横浜市南区,24.324827586206894,77331.03448275862,7.379310344827586,29.0,139.60061,35.433895,8.0
京浜急行本線,京急富岡駅,横浜市金沢区,42.76842105263158,91894.73684210527,13.31578947368421,19.0,139.629772,35.366743,9.0
京浜急行本線,京急川崎駅,横浜市鶴見区,31.2,85000.0,26.0,1.0,139.700893,35.53285,8.0
京浜急行本線,京急新子安駅,横浜市神奈川区,28.182499999999997,90950.0,7.85,20.0,139.655848,35.487242,9.0
京浜急行本線,京急新子安駅,横浜市鶴見区,19.439999999999998,67000.0,18.0,2.0,139.655848,35.487242,7.0
京浜急行本線,京急東神奈川駅,横浜市神奈川区,24.438,76150.0,8.6,10.0,139.634669,35.477412,8.0
京浜急行本線,京急鶴見駅,横浜市鶴見区,28.72621621621622,90247.74774774775,10.882882882882884,111.0,139.677743,35.507032,9.0
京浜急行本線,八丁畷駅,横浜市鶴見区,40.30125,96041.66666666667,12.25,24.0,139.691346,35.523054,10.0
京浜急行本線,南太田駅,横浜市保土ヶ谷区,22.42,52000.0,28.0,,139.613408,35.436923,5.0
京浜急行本線,南太田駅,横浜市南区,27.15705882352941,80735.29411764706,10.588235294117647,17.0,139.613408,35.436923,8.0
京浜急行本線,南太田駅,横浜市磯子区,11.85,38666.666666666664,31.333333333333332,3.0,139.613408,35.436923,4.0
京浜急行本線,南太田駅,横浜市西区,31.87740740740741,76185.18518518518,19.85185185185185,27.0,139.613408,35.436923,8.0
京浜急行本線,子安駅,横浜市神奈川区,32.49214285714286,85785.71428571429,9.392857142857142,28.0,139.644965,35.484556,9.0
京浜急行本線,屏風浦駅,横浜市港南区,26.955000000000002,54600.0,16.7,10.0,139.610387,35.394176,5.0
京浜急行本線,屏風浦駅,横浜市磯子区,27.221724137931034,70560.3448275862,12.189655172413794,58.0,139.610387,35.394176,7.0
京浜急行本線,弘明寺駅,横浜市南区,31.957,91900.0,12.5,20.0,139.596791,35.42437,9.0
京浜急行本線,弘明寺駅,横浜市戸塚区,19.87,62000.0,2.0,1.0,139.596791,35.42437,6.0
京浜急行本線,弘明寺駅,横浜市港南区,28.265,75000.0,28.0,4.0,139.596791,35.42437,8.0
京浜急行本線,弘明寺駅,横浜市磯子区,44.232,87800.0,25.6,5.0,139.596791,35.42437,9.0
京浜急行本線,戸部駅,横浜市保土ヶ谷区,31.3,71000.0,22.0,,139.61956,35.456631,7.0
京浜急行本線,戸部駅,横浜市西区,27.029188426252645,93196.9654199012,9.104446012702894,1417.0,139.61956,35.456631,9.0
京浜急行本線,日ノ出町駅,横浜市中区,25.49936170212766,85657.44680851063,5.276595744680851,94.0,139.626696,35.445524,9.0
京浜急行本線,日ノ出町駅,横浜市南区,27.79625,80312.5,14.0,8.0,139.626696,35.445524,8.0
京浜急行本線,日ノ出町駅,横浜市西区,27.213816425120775,89359.9033816425,9.502415458937199,207.0,139.626696,35.445524,9.0
京浜急行本線,杉田駅,横浜市港南区,55.39,104000.0,29.0,2.0,139.615734,35.383796,10.0
京浜急行本線,杉田駅,横浜市磯子区,34.11491525423729,80686.44067796611,14.372881355932204,118.0,139.615734,35.383796,8.0
京浜急行本線,横浜駅,横浜市西区,32.316923076923075,126307.69230769231,9.153846153846153,13.0,139.623055,35.466066,13.0
京浜急行本線,生麦駅,横浜市鶴見区,28.7431746031746,85065.07936507936,8.11111111111111,63.0,139.6673,35.4956,9.0
京浜急行本線,神奈川新町駅,横浜市神奈川区,36.10090909090909,87727.27272727272,9.363636363636363,11.0,139.640152,35.481559,9.0
京浜急行本線,神奈川駅,横浜市神奈川区,43.99,172000.0,8.5,2.0,139.627364,35.471304,17.0
京浜急行本線,神奈川駅,横浜市西区,43.82363636363636,163909.0909090909,17.272727272727273,11.0,139.627364,35.471304,16.0
京浜急行本線,能見台駅,横浜市金沢区,39.19285714285714,82142.85714285714,14.785714285714286,14.0,139.629233,35.360528,8.0
京浜急行本線,花月総持寺駅,横浜市鶴見区,29.67470588235294,88927.94117647059,8.823529411764707,68.0,139.672813,35.500358,9.0
京浜急行本線,追浜駅,横浜市金沢区,51.694736842105264,87052.63157894737,21.105263157894736,19.0,139.624905,35.315461,9.0
京浜急行本線,金沢八景駅,横浜市金沢区,40.81157894736842,76842.1052631579,18.2972972972973,38.0,139.62018,35.331223,8.0
京浜急行本線,金沢文庫駅,横浜市磯子区,40.49,70000.0,2.0,1.0,139.621606,35.342966,7.0
京浜急行本線,金沢文庫駅,横浜市金沢区,51.6025,88937.5,14.34375,32.0,139.621606,35.342966,9.0
京浜急行本線,鶴見市場駅,横浜市鶴見区,26.70834862385321,78821.10091743119,10.009174311926605,109.0,139.68642,35.517594,8.0
京浜急行本線,黄金町駅,横浜市中区,34.28933333333334,99136.66666666667,4.766666666666667,30.0,139.62246,35.439694,10.0
京浜急行本線,黄金町駅,横浜市南区,24.989791666666665,78145.83333333333,8.9375,48.0,139.62246,35.439694,8.0
京浜急行本線,黄金町駅,横浜市西区,27.297264957264957,73700.8547008547,11.025641025641026,117.0,139.62246,35.439694,7.0
京浜急行逗子線,六浦駅,横浜市金沢区,47.28942857142857,83342.85714285714,11.685714285714285,35.0,139.611532,35.32269,8.0
京浜急行逗子線,金沢八景駅,横浜市金沢区,32.36636363636364,69727.27272727272,16.454545454545453,11.0,139.62018,35.331223,7.0
,大道,横浜市金沢区,49.17,86000.0,3.0,1.0,,,9.0
,大和駅,横浜市瀬谷区,39.15425531914894,86085.10638297872,28.73170731707317,47.0,,,9.0
,桜ヶ丘駅,横浜市瀬谷区,42.32666666666666,69000.0,14.666666666666666,3.0,,,7.0
,湘南台駅,横浜市泉区,60.86,76000.0,5.0,2.0,,,8.0
,長後駅,横浜市泉区,44.02,78000.0,25.0,4.0,,,8.0
,鶴間駅,横浜市瀬谷区,58.48,78500.0,5.0,3.0,,,8.0
,玉川学園前駅,横浜市青葉区,30.11,67000.0,28.0,1.0,,,7.0
,浅岡橋,横浜市西区,19.11,60000.0,4.0,1.0,,,6.0
,こどもの国駅,横浜市青葉区,48.205000000000005,95000.0,17.166666666666668,6.0,,,10.0
,恩田駅,横浜市緑区,60.621428571428574,109714.28571428571,19.0,7.0,,,11.0
,恩田駅,横浜市青葉区,46.784000000000006,92700.0,10.2,10.0,,,9.0
,長津田駅,横浜市緑区,51.54,96000.0,9.0,3.0,,,10.0
,新横浜駅,横浜市港北区,52.83625,110500.0,23.5625,16.0,,,11.0
,新綱島駅,横浜市港北区,46.36,134571.42857142858,15.428571428571429,7.0,,,13.0
,反町駅,横浜市神奈川区,41.546521739130434,100913.04347826086,12.73913043478261,23.0,,,10.0
,反町駅,横浜市西区,30.880625,89875.0,18.625,16.0,,,9.0
,大倉山駅,横浜市港北区,44.98846153846154,106923.07692307692,18.96153846153846,26.0,,,11.0
,大倉山駅,横浜市鶴見区,12.6,55000.0,17.0,1.0,,,6.0
,妙蓮寺駅,横浜市港北区,41.82076923076923,111769.23076923077,12.461538461538462,13.0,,,11.0
,妙蓮寺駅,横浜市神奈川区,21.04,61400.0,18.0,5.0,,,6.0
,日吉駅,横浜市港北区,46.14857142857142,110714.28571428571,21.714285714285715,7.0,,,11.0
,東白楽駅,横浜市神奈川区,37.84105263157895,93381.57894736843,10.078947368421053,38.0,,,9.0
,横浜駅,横浜市保土ヶ谷区,27.54,82000.0,22.0,,,,8.0
,横浜駅,横浜市緑区,46.03,79000.0,4.0,1.0,,,8.0
,横浜駅,横浜市西区,36.2894674556213,120615.97633136094,12.579881656804734,169.0,,,12.0
,白楽駅,横浜市港北区,43.757999999999996,115800.0,12.2,5.0,,,12.0
,白楽駅,横浜市神奈川区,36.01866666666667,94333.33333333333,13.933333333333334,15.0,,,9.0
,綱島駅,横浜市港北区,54.78148148148148,130814.81481481482,6.296296296296297,27.0,,,13.0
,綱島駅,横浜市都筑区,57.425,123500.0,2.0,2.0,,,12.0
,菊名駅,横浜市港北区,42.871428571428574,112357.14285714286,13.714285714285714,14.0,,,11.0
,あざみ野駅,横浜市青葉区,54.214999999999996,135428.57142857142,20.214285714285715,14.0,,,14.0
,すずかけ台駅,横浜市緑区,65.1,125000.0,23.0,1.0,,,12.0
,たまプラーザ駅,横浜市都筑区,57.1,90000.0,3.0,1.0,,,9.0
,たまプラーザ駅,横浜市青葉区,53.70375,135625.0,7.25,16.0,,,14.0
,つくし野駅,横浜市緑区,47.80111111111111,84629.62962962964,18.85185185185185,27.0,,,8.0
,つくし野駅,横浜市青葉区,47.29,80000.0,28.0,1.0,,,8.0
,市が尾駅,横浜市港北区,40.68,87000.0,1.0,3.0,,,9.0
,市が尾駅,横浜市緑区,56.1,72000.0,1.0,1.0,,,7.0
,市が尾駅,横浜市都筑区,43.10333333333333,101333.33333333333,2.6666666666666665,3.0,,,10.0
,市が尾駅,横浜市青葉区,55.6988679245283,113867.92452830188,13.075471698113208,53.0,,,11.0
,江田駅,横浜市都筑区,64.57333333333334,121333.33333333333,5.0,3.0,,,12.0
,江田駅,横浜市青葉区,70.57179487179488,156871.79487179487,11.846153846153847,39.0,,,16.0
,田奈駅,横浜市緑区,47.885999999999996,88822.22222222222,20.636363636363637,45.0,,,9.0
,田奈駅,横浜市青葉区,46.053125,102437.5,14.0,16.0,,,10.0
,藤が丘駅,横浜市緑区,45.901250000000005,86125.0,27.142857142857142,8.0,,,9.0
,藤が丘駅,横浜市青葉区,56.89081081081081,110513.51351351352,17.45945945945946,37.0,,,11.0
,長津田駅,横浜市緑区,48.35228571428571,93242.85714285714,10.657142857142857,35.0,,,9.0
,長津田駅,横浜市青葉区,51.830000000000005,97666.66666666667,19.0,6.0,,,10.0
,青葉台駅,横浜市緑区,42.035000000000004,86437.5,16.875,16.0,,,9.0
,青葉台駅,横浜市青葉区,50.23529411764706,105941.17647058824,10.735294117647058,34.0,,,11.0
,鷺沼駅,横浜市都筑区,59.370000000000005,130833.33333333333,5.333333333333333,6.0,,,13.0
,鷺沼駅,横浜市青葉区,52.689166666666665,136583.33333333334,16.75,12.0,,,14.0
,新横浜駅,横浜市港北区,34.5,104000.0,22.0,1.0,,,10.0
,大船駅,横浜市栄区,32.9,71000.0,24.0,1.0,,,7.0
,富士見町駅,横浜市栄区,36.849999999999994,79444.44444444444,29.555555555555557,9.0,,,8.0
JR湘南新宿ライン,保土ケ谷駅,横浜市保土ヶ谷区,36.20333333333333,84666.66666666667,11.666666666666666,,,,8.0
JR湘南新宿ライン,保土ケ谷駅,横浜市西区,37.8005,97200.0,14.15,20.0,,,10.0
JR湘南新宿ライン,大船駅,横浜市栄区,23.12,76000.0,10.0,1.0,139.531127,35.353466,8.0
JR湘南新宿ライン,戸塚駅,横浜市戸塚区,40.27,101875.0,13.375,8.0,139.534282,35.400432,10.0
JR湘南新宿ライン,東戸塚駅,横浜市戸塚区,60.00529411764706,128235.29411764706,6.470588235294118,17.0,139.556794,35.430353,13.0
JR湘南新宿ライン,東戸塚駅,横浜市泉区,33.58,84000.0,7.0,2.0,139.556794,35.430353,8.0
JR湘南新宿ライン,横浜駅,横浜市西区,47.24194444444444,180388.88888888888,11.13888888888889,36.0,139.622704,35.466195,18.0
JR湘南新宿ライン,戸塚駅,横浜市戸塚区,57.9425,136250.0,12.0,4.0,139.534282,35.400432,14.0
JR湘南新宿ライン,横浜駅,横浜市西区,41.33733333333334,162266.66666666666,9.266666666666667,15.0,139.622704,35.466195,16.0
相模鉄道いずみ野線,いずみ中央駅,横浜市泉区,35.09025641025641,76871.79487179487,16.05128205128205,39.0,139.48727,35.415385,8.0
相模鉄道いずみ野線,いずみ野駅,横浜市泉区,46.255333333333326,77400.0,17.4,15.0,139.495135,35.429434,8.0
相模鉄道いずみ野線,いずみ野駅,横浜市瀬谷区,28.98,66000.0,11.5,2.0,139.495135,35.429434,7.0
相模鉄道いずみ野線,ゆめが丘駅,横浜市泉区,51.986666666666665,81111.11111111111,16.22222222222222,9.0,139.482192,35.405436,8.0
相模鉄道いずみ野線,二俣川駅,横浜市旭区,39.49333333333333,83033.33333333333,18.266666666666666,15.0,139.532207,35.463335,8.0
相模鉄道いずみ野線,南万騎が原駅,横浜市旭区,36.083888888888886,76263.88888888889,18.25,36.0,139.526344,35.452522,8.0
相模鉄道いずみ野線,南万騎が原駅,横浜市瀬谷区,42.40375,75500.0,29.0,8.0,139.526344,35.452522,8.0
相模鉄道いずみ野線,弥生台駅,横浜市泉区,45.8976923076923,78461.53846153847,21.692307692307693,13.0,139.506615,35.429932,8.0
相模鉄道いずみ野線,緑園都市駅,横浜市戸塚区,45.7,78250.0,16.5,4.0,139.521841,35.439502,8.0
相模鉄道いずみ野線,緑園都市駅,横浜市旭区,45.245000000000005,75000.0,22.5,4.0,139.521841,35.439502,8.0
相模鉄道いずみ野線,緑園都市駅,横浜市泉区,43.364285714285714,79571.42857142857,14.714285714285714,7.0,139.521841,35.439502,8.0
,新横浜駅,横浜市港北区,89.43,139000.0,26.0,1.0,,,14.0
,羽沢横浜国大駅,横浜市保土ヶ谷区,45.196999999999996,84800.0,23.444444444444443,,,,8.0
,西谷駅,横浜市保土ヶ谷区,19.357499999999998,53125.0,18.0,,,,5.0
,西谷駅,横浜市旭区,38.93578947368421,80578.94736842105,20.31578947368421,19.0,,,8.0
,西谷駅,横浜市緑区,79.31,150000.0,40.0,1.0,,,15.0
相模鉄道本線,三ツ境駅,横浜市旭区,36.110476190476184,77428.57142857143,16.285714285714285,21.0,139.502662,35.467779,8.0
相模鉄道本線,三ツ境駅,横浜市瀬谷区,38.96817073170732,83548.78048780488,23.938271604938272,82.0,139.502662,35.467779,8.0
相模鉄道本線,上星川駅,横浜市保土ヶ谷区,28.977777777777778,65759.25925925926,12.25925925925926,,139.580078,35.467694,7.0
相模鉄道本線,上星川駅,横浜市旭区,38.25,76000.0,30.0,1.0,139.580078,35.467694,8.0
相模鉄道本線,二俣川駅,横浜市戸塚区,54.67,90000.0,,1.0,139.532207,35.463335,9.0
相模鉄道本線,二俣川駅,横浜市旭区,35.21507246376812,78094.20289855072,14.91304347826087,69.0,139.532207,35.463335,8.0
相模鉄道本線,二俣川駅,横浜市瀬谷区,22.35,61000.0,29.0,2.0,139.532207,35.463335,6.0
相模鉄道本線,和田町駅,横浜市保土ヶ谷区,24.875185185185185,64388.88888888889,11.851851851851851,,139.586786,35.463597,6.0
相模鉄道本線,和田町駅,横浜市旭区,26.5,61000.0,7.0,1.0,139.586786,35.463597,6.0
相模鉄道本線,大和駅,横浜市瀬谷区,27.978333333333335,61333.333333333336,29.833333333333332,6.0,139.461383,35.469924,6.0
相模鉄道本線,天王町駅,横浜市保土ヶ谷区,32.667352941176475,80867.64705882352,11.911764705882353,,139.602554,35.453984,8.0
相模鉄道本線,天王町駅,横浜市西区,27.99454828660436,80213.70716510904,11.4797507788162,321.0,139.602554,35.453984,8.0
相模鉄道本線,希望ケ丘駅,横浜市旭区,36.965555555555554,80425.92592592593,15.037037037037036,54.0,,,8.0
相模鉄道本線,希望ケ丘駅,横浜市瀬谷区,43.76571428571429,81809.52380952382,24.095238095238095,21.0,,,8.0
相模鉄道本線,平沼橋駅,横浜市西区,26.223660899653982,96393.07958477509,8.342560553633218,1445.0,139.616897,35.460355,10.0
相模鉄道本線,星川駅,横浜市保土ヶ谷区,32.722368421052636,79500.0,13.078947368421053,,139.594816,35.458634,8.0
相模鉄道本線,星川駅,横浜市西区,16.69333333333333,47666.666666666664,22.333333333333332,3.0,139.594816,35.458634,5.0
相模鉄道本線,横浜駅,横浜市西区,31.40555555555555,89666.66666666667,15.11111111111111,9.0,139.621768,35.465852,9.0
相模鉄道本線,瀬谷駅,横浜市旭区,19.87,49000.0,31.0,1.0,139.482574,35.470412,5.0
相模鉄道本線,瀬谷駅,横浜市瀬谷区,38.450980392156865,80553.92156862745,8.990196078431373,102.0,139.482574,35.470412,8.0
相模鉄道本線,西横浜駅,横浜市保土ヶ谷区,31.505151515151518,81954.54545454546,13.333333333333334,,139.608745,35.453437,8.0
相模鉄道本線,西横浜駅,横浜市西区,27.781813261163734,82358.05142083896,8.502029769959405,739.0,139.608745,35.453437,8.0
相模鉄道本線,西谷駅,横浜市保土ヶ谷区,39.01,76214.28571428571,11.0,,139.565721,35.478092,8.0
相模鉄道本線,西谷駅,横浜市旭区,41.45375,79625.0,19.75,16.0,139.565721,35.478092,8.0
相模鉄道本線,西谷駅,横浜市緑区,40.446666666666665,83833.33333333333,12.75,6.0,139.565721,35.478092,8.0
相模鉄道本線,鶴ケ峰駅,横浜市保土ヶ谷区,69.88,114000.0,26.0,,,,11.0
相模鉄道本線,鶴ケ峰駅,横浜市旭区,37.53163265306122,76632.6530612245,11.142857142857142,49.0,,,8.0
,西ヶ谷,横浜市栄区,53.38,99000.0,2.0,2.0,,,10.0
JR東海道本線,大船駅,横浜市戸塚区,44.86666666666667,87666.66666666667,10.5,6.0,139.531127,35.353466,9.0
JR東海道本線,大船駅,横浜市栄区,40.261,78700.0,15.5,10.0,139.531127,35.353466,8.0
JR東海道本線,大船駅,横浜市港南区,47.41,85000.0,1.0,1.0,139.531127,35.353466,8.0
JR東海道本線,山手駅,横浜市中区,46.34111111111111,107222.22222222222,7.62962962962963,27.0,,,11.0
JR東海道本線,山手駅,横浜市磯子区,34.2875,104750.0,28.25,4.0,,,10.0
JR東海道本線,川崎駅,横浜市鶴見区,42.07409090909091,99818.18181818182,16.954545454545453,22.0,139.697485,35.531311,10.0
JR東海道本線,新子安駅,横浜市神奈川区,29.66926829268293,84048.78048780488,12.097560975609756,41.0,,,8.0
JR東海道本線,新子安駅,横浜市鶴見区,22.001666666666665,69500.0,17.166666666666668,6.0,,,7.0
JR東海道本線,新杉田駅,横浜市磯子区,31.649545454545454,81015.15151515152,13.424242424242424,66.0,,,8.0
JR東海道本線,新杉田駅,横浜市金沢区,33.25714285714286,84857.14285714286,23.428571428571427,7.0,,,8.0
JR東海道本線,本郷台駅,横浜市戸塚区,47.406,87400.0,24.75,5.0,,,9.0
JR東海道本線,本郷台駅,横浜市栄区,46.43727272727273,80781.81818181818,17.072727272727274,55.0,,,8.0
JR東海道本線,東神奈川駅,横浜市神奈川区,31.682121212121213,82772.72727272728,10.151515151515152,33.0,,,8.0
JR東海道本線,根岸駅,横浜市中区,60.22,125000.0,24.0,1.0,,,12.0
JR東海道本線,根岸駅,横浜市磯子区,34.88178571428572,81035.71428571429,16.714285714285715,28.0,,,8.0
JR東海道本線,桜木町駅,横浜市中区,27.570810810810812,93770.27027027027,10.216216216216216,37.0,,,9.0
JR東海道本線,桜木町駅,横浜市南区,28.159999999999997,85500.0,23.25,4.0,,,9.0
JR東海道本線,桜木町駅,横浜市磯子区,38.75,89600.0,2.4,5.0,,,9.0
JR東海道本線,桜木町駅,横浜市西区,31.282771535580526,113571.16104868914,12.0561797752809,267.0,,,11.0
JR東海道本線,横浜駅,横浜市保土ヶ谷区,35.21714285714286,84000.0,2.7142857142857144,,139.622704,35.466195,8.0
JR東海道本線,横浜駅,横浜市神奈川区,46.005,176500.0,11.5,2.0,139.622704,35.466195,18.0
JR東海道本線,横浜駅,横浜市西区,31.64791512915129,107971.9557195572,11.430683918669132,542.0,139.622704,35.466195,11.0
JR東海道本線,洋光台駅,横浜市栄区,21.73,61000.0,,2.0,,,6.0
JR東海道本線,洋光台駅,横浜市港南区,47.4205,84450.0,20.05,20.0,,,8.0
JR東海道本線,洋光台駅,横浜市磯子区,40.64144927536232,85231.88405797101,12.347826086956522,69.0,,,9.0
JR東海道本線,港南台駅,横浜市栄区,43.06909090909091,78000.0,17.666666666666668,22.0,,,8.0
JR東海道本線,港南台駅,横浜市港南区,50.40384615384615,95500.0,12.846153846153847,26.0,,,10.0
JR東海道本線,港南台駅,横浜市磯子区,31.225263157894734,79789.47368421052,30.157894736842106,19.0,,,8.0
JR東海道本線,石川町駅,横浜市中区,40.036857142857144,119572.85714285714,12.042857142857143,70.0,,,12.0
JR東海道本線,磯子駅,横浜市港南区,18.0,47000.0,25.0,3.0,,,5.0
JR東海道本線,磯子駅,横浜市磯子区,31.637424242424245,75765.15151515152,13.515151515151516,66.0,,,8.0
JR東海道本線,関内駅,横浜市中区,31.589756097560976,102565.0406504065,9.260162601626016,123.0,,,10.0
JR東海道本線,関内駅,横浜市南区,23.231153846153845,73173.07692307692,15.115384615384615,26.0,,,7.0
JR東海道本線,関内駅,横浜市西区,25.636000000000003,83800.0,18.4,20.0,,,8.0
JR東海道本線,鶴見駅,横浜市鶴見区,29.457863247863248,87703.4188034188,12.606837606837606,117.0,,,9.0
,八丁畷駅,横浜市鶴見区,26.975,77855.76923076923,12.461538461538462,52.0,,,8.0
,小田栄駅,横浜市鶴見区,12.28,52500.0,14.0,1.0,,,5.0
,尻手駅,横浜市鶴見区,31.08326923076923,83855.76923076923,9.461538461538462,52.0,,,8.0
,川崎新町駅,横浜市鶴見区,25.95344827586207,77448.27586206897,13.89655172413793,29.0,,,8.0
,矢向駅,横浜市鶴見区,22.044,70166.66666666667,14.066666666666666,30.0,,,7.0
,羽沢横浜国大駅,横浜市保土ヶ谷区,18.076666666666668,54666.666666666664,20.0,,,,5.0
,大船駅,横浜市戸塚区,43.555,81333.33333333333,7.833333333333333,6.0,,,8.0
,大船駅,横浜市栄区,37.286500000000004,73650.0,16.035087719298247,60.0,,,7.0
,川崎駅,横浜市鶴見区,33.221111111111114,89166.66666666667,20.333333333333332,9.0,,,9.0
,戸塚駅,横浜市戸塚区,45.67090395480226,100567.79661016949,11.596590909090908,177.0,,,10.0
,戸塚駅,横浜市旭区,39.11875,74625.0,7.5,8.0,,,7.0
,戸塚駅,横浜市栄区,52.39055555555555,77166.66666666667,5.111111111111111,18.0,,,8.0
,戸塚駅,横浜市泉区,46.586666666666666,88000.0,8.0,6.0,,,9.0
,横浜駅,横浜市保土ヶ谷区,17.11,59666.666666666664,3.3333333333333335,,,,6.0
,横浜駅,横浜市戸塚区,59.62,105000.0,15.0,1.0,,,10.0
,横浜駅,横浜市神奈川区,13.3,56000.0,27.0,1.0,,,6.0
,横浜駅,横浜市西区,25.74430917874396,105414.49275362318,9.936231884057971,1035.0,,,11.0
,藤沢駅,横浜市戸塚区,54.67,91687.5,7.375,8.0,,,9.0
,大船駅,横浜市栄区,49.545,102500.0,7.5,2.0,,,10.0
,新杉田駅,横浜市磯子区,32.682352941176475,70117.64705882352,14.941176470588236,17.0,,,7.0
,新杉田駅,横浜市金沢区,29.445,84750.0,20.0,4.0,,,8.0
,本郷台駅,横浜市栄区,38.98589285714286,72535.71428571429,16.035714285714285,56.0,,,7.0
,根岸駅,横浜市磯子区,24.16611111111111,75972.22222222222,7.333333333333333,18.0,,,8.0
,桜木町駅,横浜市中区,27.33,90083.33333333333,9.0,6.0,,,9.0
,桜木町駅,横浜市西区,30.715462962962963,110180.55555555556,11.583333333333334,108.0,,,11.0
,横浜駅,横浜市西区,29.12157894736842,101315.78947368421,10.789473684210526,19.0,,,10.0
,洋光台駅,横浜市磯子区,23.84103448275862,69103.44827586207,11.0,29.0,,,7.0
,港南台駅,横浜市栄区,32.076129032258066,69774.19354838709,18.451612903225808,31.0,,,7.0
,港南台駅,横浜市港南区,42.0,60000.0,6.0,1.0,,,6.0
,港南台駅,横浜市磯子区,26.143333333333334,68333.33333333333,31.0,3.0,,,7.0
,石川町駅,横浜市中区,35.94,117375.0,8.125,8.0,,,12.0
,磯子駅,横浜市磯子区,30.473333333333333,65833.33333333333,12.0,6.0,,,7.0
,関内駅,横浜市中区,32.13025641025641,105184.61538461539,8.974358974358974,39.0,,,11.0
,関内駅,横浜市南区,20.29,67500.0,10.0,2.0,,,7.0
,中山駅,横浜市緑区,43.959801980198016,85039.60396039604,11.811881188118813,101.0,,,9.0
,中山駅,横浜市都筑区,43.47,113000.0,5.0,1.0,,,11.0
,中山駅,横浜市青葉区,40.4,85000.0,1.0,1.0,,,8.0
,十日市場駅,横浜市旭区,39.11875,74625.0,7.5,8.0,,,7.0
,十日市場駅,横浜市緑区,43.00297297297298,84277.02702702703,16.438356164383563,74.0,,,8.0
,十日市場駅,横浜市青葉区,61.53666666666666,124333.33333333333,18.333333333333332,6.0,,,12.0
,大口駅,横浜市神奈川区,32.025588235294116,82323.5294117647,11.264705882352942,34.0,,,8.0
,小机駅,横浜市港北区,50.084666666666664,103800.0,11.8,15.0,,,10.0
,小机駅,横浜市緑区,52.25523809523809,96333.33333333333,21.1,21.0,,,10.0
,小机駅,横浜市都筑区,54.54,94000.0,18.0,3.0,,,9.0
,成瀬駅,横浜市緑区,41.900000000000006,90000.0,27.333333333333332,9.0,,,9.0
,新横浜駅,横浜市港北区,42.180625,106687.5,13.25,16.0,,,11.0
,新横浜駅,横浜市緑区,65.67,121000.0,9.0,1.0,,,12.0
,東神奈川駅,横浜市神奈川区,20.696666666666665,68833.33333333333,10.666666666666666,6.0,,,7.0
,菊名駅,横浜市港北区,41.370769230769234,106923.07692307692,17.384615384615383,13.0,,,11.0
,菊名駅,横浜市鶴見区,12.6,55000.0,9.0,1.0,,,6.0
,長津田駅,横浜市緑区,47.42431818181819,89522.72727272728,9.227272727272727,44.0,,,9.0
,長津田駅,横浜市青葉区,41.022000000000006,87400.0,17.2,5.0,,,9.0
,鴨居駅,横浜市保土ヶ谷区,38.11,66333.33333333333,3.3333333333333335,,,,7.0
,鴨居駅,横浜市港北区,44.612,92600.0,28.2,5.0,,,9.0
,鴨居駅,横浜市緑区,51.136292134831464,97651.68539325842,17.556818181818183,89.0,,,10.0
,鴨居駅,横浜市都筑区,54.54,94000.0,27.0,2.0,,,9.0
JR横須賀線,保土ケ谷駅,横浜市保土ヶ谷区,35.2604081632653,82928.57142857143,9.89795918367347,,,,8.0
JR横須賀線,保土ケ谷駅,横浜市南区,19.206666666666667,64000.0,24.0,3.0,,,6.0
JR横須賀線,保土ケ谷駅,横浜市戸塚区,56.18,126500.0,3.3333333333333335,3.0,,,13.0
JR横須賀線,保土ケ谷駅,横浜市旭区,19.98,64000.0,,1.0,,,6.0
JR横須賀線,保土ケ谷駅,横浜市西区,28.963850574712644,78913.79310344828,14.89080459770115,174.0,,,8.0
JR横須賀線,北鎌倉駅,横浜市栄区,58.09,77000.0,46.0,2.0,139.545134,35.337198,8.0
JR横須賀線,大船駅,横浜市栄区,53.39450000000001,82050.0,13.105263157894736,20.0,139.531127,35.353466,8.0
JR横須賀線,大船駅,横浜市港南区,47.41,85000.0,1.0,1.0,139.531127,35.353466,8.0
JR横須賀線,戸塚駅,横浜市戸塚区,37.87485714285714,86171.42857142857,11.942857142857143,35.0,139.534282,35.400432,9.0
JR横須賀線,戸塚駅,横浜市栄区,55.38399999999999,88600.0,12.8,5.0,139.534282,35.400432,9.0
JR横須賀線,新川崎駅,横浜市港北区,24.32,70000.0,25.0,1.0,139.671481,35.551784,7.0
JR横須賀線,新川崎駅,横浜市鶴見区,38.32,91000.0,35.0,1.0,139.671481,35.551784,9.0
JR横須賀線,東戸塚駅,横浜市戸塚区,52.78078431372549,109009.80392156863,10.058823529411764,51.0,139.556794,35.430353,11.0
JR横須賀線,東戸塚駅,横浜市港南区,63.8,110000.0,4.0,2.0,139.556794,35.430353,11.0
JR横須賀線,横浜駅,横浜市西区,24.473333333333333,91383.33333333333,13.166666666666666,6.0,139.622704,35.466195,9.0
JR鶴見線,国道駅,横浜市鶴見区,30.268620689655172,86401.72413793103,12.224137931034482,58.0,139.675599,35.50083,9.0
JR鶴見線,安善駅,横浜市鶴見区,13.49,60000.0,14.0,1.0,139.700663,35.499668,6.0
JR鶴見線,弁天橋駅,横浜市鶴見区,15.44,60250.0,7.75,4.0,139.689451,35.495758,6.0
JR鶴見線,鶴見小野駅,横浜市鶴見区,20.25,64000.0,6.5,2.0,139.681226,35.497005,6.0
JR鶴見線,鶴見駅,横浜市鶴見区,25.82875,81875.0,9.625,8.0,139.67614,35.508387,8.0
